<?xml version="1.0" encoding="UTF-8"?>
<project-private xmlns="http://www.netbeans.org/ns/project-private/1">
    <editor-bookmarks xmlns="http://www.netbeans.org/ns/editor-bookmarks/2" lastBookmarkId="0"/>
    <open-files xmlns="http://www.netbeans.org/ns/projectui-open-files/2">
        <group>
            <file>file:/var/www/html/ReservManager/funcionesHoras.php</file>
            <file>file:/var/www/html/ReservManager/app/nuevoWF.php</file>
            <file>file:/var/www/html/ReservManager/app/empresa.php</file>
            <file>file:/var/www/html/ReservManager/app/nuevaReserva.php</file>
            <file>file:/var/www/html/ReservManager/app/nuevoUsuario.php</file>
            <file>file:/var/www/html/ReservManager/app/marcarReserva.php</file>
            <file>file:/var/www/html/ReservManager/app/servicios.php</file>
            <file>file:/var/www/html/ReservManager/app/planning.php</file>
            <file>file:/var/www/html/ReservManager/app/workflow.php</file>
            <file>file:/var/www/html/ReservManager/index.html</file>
            <file>file:/var/www/html/ReservManager/bd.php</file>
            <file>file:/var/www/html/ReservManager/app/usuarios.php</file>
            <file>file:/var/www/html/ReservManager/app/historial.php</file>
        </group>
    </open-files>
</project-private>
